,RCID,BMI,BMI.group,Days,Gestational.age,C.section,AB.infant_since_birth,AB.mother.since_birth,Secretor,Lewis
BRK01_UMI16S123,189_3,21.81013,NW,30,NA,2,2,1,1,1
BRK02_UMI16S123,232_4,32.91201,OB,60,283,2,2,2,1,1
BRK03_UMI16S123,274_4,31.09789,OB,60,277,2,2,2,1,1
BRK04_UMI16S123,246_3,26.85441,OW,30,273,2,2,2,0,1
BRK05_UMI16S123,203_4,20.56933,NW,60,282,2,2,2,1,1
BRK06_UMI16S123,183_4,22.85714,NW,60,NA,2,2,1,0,1
BRK07_UMI16S123,196_4,22.49135,NW,60,291,2,2,2,1,1
BRK11_UMI16S123,217_4,34.02035,OB,60,290,2,1,2,1,1
BRK13_UMI16S123,257_4,32.00732,OB,60,274,2,2,2,1,1
BRK15_UMI16S123,190_3,29.41176,OW,30,NA,2,1,2,0,1
BRK16_UMI16S123,181_4,28.90625,OW,60,NA,1,2,1,0,1
BRK17_UMI16S123,210_4,22.59814,NW,60,289,2,2,2,1,1
BRK18_UMI16S123,267_3,28.84153,OW,30,NA,2,1,2,0,1
BRK19_UMI16S123,253_3,26.12245,OW,30,281,2,2,2,1,1
BRK20_UMI16S123,203_3,20.56933,NW,30,282,2,2,2,1,1
BRK25_UMI16S123,165_3,30.10212,OB,30,290,2,2,2,1,1
BRK26_UMI16S123,121_4,21.63332,NW,60,293,2,2,2,1,1
BRK27_UMI16S123,282_4,25.24934,OW,60,283,2,2,1,0,1
BRK29_UMI16S123,209_4,27.63605,OW,60,292,2,2,1,1,0
BRK30_UMI16S123,241_4,31.87729,OB,60,290,2,2,2,0,1
BRK31_UMI16S123,266_4,22.32143,NW,60,277,2,2,2,1,1
BRK32_UMI16S123,281_4,30.86301,OB,60,280,2,2,2,1,1
BRK33_UMI16S123,204_3,46.45086,OB,30,283,2,2,2,1,1
BRK34_UMI16S123,162_4,22.75831,NW,60,289,2,1,2,1,1
BRK35_UMI16S123,169_3,35.77466,OB,30,289,2,1,1,1,1
BRK36_UMI16S123,246_4,26.85441,OW,60,273,2,1,2,0,1
BRK37_UMI16S123,187_3,28.72008,OW,30,NA,2,2,2,1,1
BRK38_UMI16S123,235_4,24.91349,NW,60,288,2,2,2,1,1
BRK39_UMI16S123,256_3,33.391,OB,30,NA,2,2,2,1,1
BRK43_UMI16S123,223_3,27.39818,OW,30,289,2,2,1,1,1
BRK45_UMI16S123,202_3,20.76125,NW,30,291,2,2,1,1,1
BRK46_UMI16S123,142_4,28.65014,OW,60,288,2,2,1,0,1
BRK49_UMI16S123,279_4,25.55933,OW,60,NA,2,2,1,1,1
BRK50_UMI16S123,177_4,25.45807,OW,60,288,2,2,1,1,1
BRK51_UMI16S123,249_3,29.0688,OW,30,278,2,1,1,1,1
BRK52_UMI16S123,125_3,24.16716,NW,30,284,2,2,2,1,0
BRK53_UMI16S123,199_4,25.84777,OW,60,285,2,1,1,1,1
BRK54_UMI16S123,177_3,25.45807,OW,30,288,2,2,1,1,1
BRK58_UMI16S123,172_4,40.16327,OB,60,288,2,2,1,1,1
BRK59_UMI16S123,216_3,22.12974,NW,30,286,2,2,1,1,1
BRK60_UMI16S123,283_3,25.05931,OW,30,265,2,2,1,1,1
BRK61_UMI16S123,102_4,35.5665,OB,60,NA,2,2,2,1,1
BRK62_UMI16S123,248_4,28.69898,OW,60,289,2,2,2,0,1
BRK64_UMI16S123,243_3,25.76298,OW,30,263,2,2,2,1,1
BRK65_UMI16S123,138_4,23.03005,NW,60,274,2,2,2,1,1
BRK66_UMI16S123,256_4,33.391,OB,60,NA,2,2,2,1,1
BRK68_UMI16S123,267_4,28.84153,OW,60,NA,2,1,2,0,1
BRK69_UMI16S123,217_3,34.02035,OB,30,290,2,2,2,1,1
BRK70_UMI16S123,125_4,24.16716,NW,60,284,2,2,2,1,0
BRK73_UMI16S123,174_4,25.45807,OW,60,281,2,2,1,1,1
BRK74_UMI16S123,163_4,26.34649,OW,60,296,1,2,1,1,1
BRK75_UMI16S123,279_3,25.55933,OW,30,NA,2,2,1,1,1
BRK76_UMI16S123,196_3,22.49135,NW,30,291,2,2,2,1,1
BRK77_UMI16S123,216_4,22.12974,NW,60,286,2,2,1,1,1
BRK78_UMI16S123,281_3,30.86301,OB,30,280,2,2,2,1,1
BRK81_UMI16S123,231_4,24.21229,NW,60,286,2,2,2,1,1
BRK82_UMI16S123,165_4,30.10212,OB,60,290,2,2,2,1,1
BRK83_UMI16S123,241_3,31.87729,OB,30,290,2,2,2,0,1
BRK84_UMI16S123,167_3,27.63605,OW,30,292,2,2,2,1,1
BRK85_UMI16S123,198_4,32.11195,OB,60,NA,2,2,1,1,1
BRK86_UMI16S123,140_4,21.38394,NW,60,288,2,2,1,1,1
BRK87_UMI16S123,264_3,26.67487,OW,30,287,2,2,1,1,1
BRK88_UMI16S123,210_3,22.59814,NW,30,289,2,2,2,1,1
BRK89_UMI16S123,257_3,32.00732,OB,30,274,2,2,2,1,1
BRK90_UMI16S123,262_3,38.26531,OB,30,288,2,2,1,1,1
BRK91_UMI16S123,167_4,27.63605,OW,60,292,2,2,2,1,1
BRK92_UMI16S123,255_4,21.2585,NW,60,NA,2,2,NA,1,0
BRK93_UMI16S123,232_3,32.91201,OB,30,283,2,2,2,1,1
BRK94_UMI16S123,250_3,30.83653,OB,30,264,2,1,1,1,1
BRK01_UMI16S124,209_3,27.63605,OW,30,292,2,2,1,1,0
BRK02_UMI16S124,253_4,26.12245,OW,60,281,2,2,2,1,1
BRK03_UMI16S124,169_4,35.77466,OB,60,289,2,1,1,1,1
BRK04_UMI16S124,196_5,22.49135,NW,90,291,2,2,2,1,1
BRK05_UMI16S124,282_3,25.24934,OW,30,283,2,2,1,0,1
BRK06_UMI16S124,202_5,20.76125,NW,90,291,2,2,1,1,1
BRK07_UMI16S124,248_3,28.69898,OW,30,289,2,2,2,0,1
BRK08_UMI16S124,235_5,24.91349,NW,90,288,2,2,2,1,1
BRK09_UMI16S124,274_3,31.09789,OB,30,277,2,2,2,1,1
BRK10_UMI16S124,262_4,38.26531,OB,60,288,2,2,1,1,1
BRK11_UMI16S124,90_5,21.54509,NW,90,285,2,2,2,1,1
BRK12_UMI16S124,98_3,20.39542,NW,30,278,2,2,2,1,1
BRK13_UMI16S124,177_5,25.45807,OW,90,288,2,2,1,1,1
BRK14_UMI16S124,185_4,22.05805,NW,60,283,2,2,2,1,1
BRK15_UMI16S124,281_5,30.86301,OB,90,280,2,2,2,1,1
BRK16_UMI16S124,216_5,22.12974,NW,90,286,2,2,1,1,1
BRK17_UMI16S124,223_4,27.39818,OW,60,289,2,2,1,1,1
BRK18_UMI16S124,212_5,31.43591,OB,90,286,2,2,2,0,1
BRK19_UMI16S124,137_4,26.44628,OW,60,282,2,2,2,1,1
BRK20_UMI16S124,172_5,40.16327,OB,90,288,2,2,1,1,1
BRK21_UMI16S124,225_4,19.59184,NW,60,292,2,2,NA,1,1
BRK22_UMI16S124,197_4,37.83287,OB,60,290,2,1,1,1,1
BRK25_UMI16S124,140_5,21.38394,NW,90,288,2,2,1,1,1
BRK26_UMI16S124,165_5,30.10212,OB,90,290,2,2,2,1,1
BRK27_UMI16S124,274_5,31.09789,OB,90,277,2,2,2,1,1
BRK28_UMI16S124,210_5,22.59814,NW,90,289,2,2,2,1,1
BRK29_UMI16S124,283_5,25.05931,OW,90,265,2,2,1,1,1
BRK30_UMI16S124,257_5,32.00732,OB,90,274,2,2,2,1,1
BRK31_UMI16S124,248_5,28.69898,OW,90,289,2,2,1,0,1
BRK32_UMI16S124,276_5,35.56394,OB,90,273,2,1,2,0,1
BRK34_UMI16S124,256_5,33.391,OB,90,NA,2,2,2,1,1
BRK35_UMI16S124,185_5,22.05805,NW,90,283,2,2,2,1,1
BRK36_UMI16S124,174_5,25.45807,OW,90,281,2,2,1,1,1
BRK37_UMI16S124,243_5,25.76298,OW,90,263,2,NA,NA,1,1
BRK38_UMI16S124,173_5,31.88776,OB,90,268,2,2,2,0,1
BRK39_UMI16S124,183_5,22.85714,NW,90,NA,2,2,1,0,1
BRK40_UMI16S124,241_5,31.87729,OB,90,290,2,2,2,0,1
BRK42_UMI16S124,264_5,26.67487,OW,90,287,2,NA,NA,1,1
BRK43_UMI16S124,232_5,32.91201,OB,90,283,2,2,2,1,1
BRK44_UMI16S124,223_5,27.39818,OW,90,289,2,2,1,1,1
BRK45_UMI16S124,217_5,34.02035,OB,90,290,2,1,2,1,1
BRK46_UMI16S124,239_5,29.03179,OW,90,275,2,2,1,0,1
BRK49_UMI16S124,231_5,24.21229,NW,90,286,2,NA,NA,1,1
BRK50_UMI16S124,167_5,27.63605,OW,90,292,2,2,2,1,1
BRK51_UMI16S124,181_5,28.90625,OW,90,NA,1,2,1,0,1
BRK52_UMI16S124,225_5,19.59184,NW,90,292,2,2,NA,1,1
BRK53_UMI16S124,162_5,22.75831,NW,90,289,2,1,2,1,1
BRK54_UMI16S124,262_5,38.26531,OB,90,288,2,2,1,1,1
BRK55_UMI16S124,267_5,28.84153,OW,90,NA,2,1,2,0,1
BRK56_UMI16S124,279_5,25.55933,OW,90,NA,2,2,1,1,1
BRK57_UMI16S124,203_5,20.56933,NW,90,282,2,2,2,1,1
BRK58_UMI16S124,204_5,46.45086,OB,90,283,2,2,1,1,1
BRK59_UMI16S124,197_5,37.83287,OB,90,290,2,1,1,1,1
BRK60_UMI16S124,209_5,27.63605,OW,90,292,2,2,1,1,0
BRK61_UMI16S124,199_5,25.84777,OW,90,285,2,1,1,1,1
BRK62_UMI16S124,142_5,28.65014,OW,90,288,2,2,1,0,1
BRK63_UMI16S124,249_5,29.0688,OW,90,278,2,1,1,1,1
BRK64_UMI16S124,163_5,26.34649,OW,90,296,1,2,1,1,1
BRK65_UMI16S124,246_5,26.85441,OW,90,273,2,1,2,0,1
BRK01_UMI16S_179_MH02,299_3,29.31986,OW,30,283,2,1,2,1,1
BRK02_UMI16S_179_MH02,323_5,31.88776,OB,90,NA,1,2,1,1,1
BRK03_UMI16S_179_MH02,289_4,36.13233,OB,60,283,2,2,2,1,1
BRK04_UMI16S_179_MH02,347_4,21.96712,NW,60,281,2,2,2,0,1
BRK05_UMI16S_179_MH02,348_4,25.10239,OW,60,276,2,2,2,1,1
BRK06_UMI16S_179_MH02,302_5,32.1929,OB,90,285,2,2,1,1,1
BRK08_UMI16S_179_MH02,317_4,32.74416,OB,60,291,1,2,1,0,1
BRK09_UMI16S_179_MH02,306_5,25.03429,OW,90,277,2,2,1,1,1
BRK10_UMI16S_179_MH02,350_3,19.03114,NW,30,281,2,2,2,1,1
BRK11_UMI16S_179_MH02,323_3,31.88776,OB,30,NA,1,2,1,1,1
BRK12_UMI16S_179_MH02,324_4,29.41176,OW,60,270,2,2,2,1,1
BRK13_UMI16S_179_MH02,306_4,25.03429,OW,60,277,2,2,1,1,1
BRK14_UMI16S_179_MH02,328_5,22.23099,NW,90,288,2,1,1,1,1
BRK15_UMI16S_179_MH02,341_4,31.00198,OB,60,288,2,1,2,1,1
BRK16_UMI16S_179_MH02,333_5,24.83576,NW,90,286,2,2,1,1,1
BRK17_UMI16S_179_MH02,347_5,21.96712,NW,90,281,2,2,2,0,1
BRK18_UMI16S_179_MH02,341_5,31.00198,OB,90,288,2,1,2,1,1
BRK19_UMI16S_179_MH02,352_3,26.6436,OW,30,274,2,2,2,1,1
BRK20_UMI16S_179_MH02,315_4,27.37966,OW,60,287,2,2,2,1,1
BRK21_UMI16S_179_MH02,319_3,25.05931,OW,30,293,2,1,1,1,0
BRK22_UMI16S_179_MH02,327_4,31.5115,OB,60,272,2,1,1,1,1
BRK25_UMI16S_179_MH02,298_4,26.53376,OW,60,277,1,2,1,1,1
BRK26_UMI16S_179_MH02,296_4,29.01745,OW,60,290,2,2,2,0,1
BRK28_UMI16S_179_MH02,350_5,19.03114,NW,90,281,2,2,2,1,1
BRK29_UMI16S_179_MH02,253_5,26.12245,OW,90,281,2,2,2,1,1
BRK30_UMI16S_179_MH02,348_5,25.10239,OW,90,276,2,1,1,1,1
BRK32_UMI16S_179_MH02,306_3,25.03429,OW,30,277,2,2,1,1,1
BRK33_UMI16S_179_MH02,340_4,23.52941,NW,60,285,2,2,2,1,1
BRK34_UMI16S_179_MH02,299_5,29.31986,OW,90,283,2,1,2,1,1
BRK35_UMI16S_179_MH02,317_5,32.74416,OB,90,291,1,2,1,0,1
BRK36_UMI16S_179_MH02,299_4,29.31986,OW,60,283,2,1,2,1,1
BRK37_UMI16S_179_MH02,298_3,26.53376,OW,30,277,1,2,1,1,1
BRK38_UMI16S_179_MH02,340_3,23.52941,NW,30,285,2,2,2,1,1
BRK39_UMI16S_179_MH02,288_4,22.75831,NW,60,293,2,2,1,1,1
BRK40_UMI16S_179_MH02,308_5,26.07897,OW,90,265,2,2,1,1,0
BRK41_UMI16S_179_MH02,339_5,32.03125,OB,90,290,2,2,2,0,1
BRK42_UMI16S_179_MH02,327_3,31.5115,OB,30,272,2,1,1,1,1
BRK43_UMI16S_179_MH02,297_3,25.0995,OW,30,271,2,2,1,1,1
BRK44_UMI16S_179_MH02,334_5,26.44628,OW,90,267,2,2,2,0,1
BRK45_UMI16S_179_MH02,344_4,27.08416,OW,60,272,2,2,2,1,1
BRK46_UMI16S_179_MH02,304_3,27.33564,OW,30,284,1,2,1,1,1
BRK49_UMI16S_179_MH02,346_4,20.76125,NW,60,291,2,NA,NA,1,1
BRK50_UMI16S_179_MH02,354_5,22.14533,NW,90,286,2,2,1,1,1
BRK51_UMI16S_179_MH02,288_3,22.75831,NW,30,293,2,2,2,1,1
BRK52_UMI16S_179_MH02,329_3,37.10938,OB,30,280,2,2,2,1,1
BRK53_UMI16S_179_MH02,334_4,26.44628,OW,60,267,2,2,2,0,1
BRK54_UMI16S_179_MH02,327_5,31.5115,OB,90,272,2,1,1,1,1
BRK55_UMI16S_179_MH02,324_3,29.41176,OW,30,270,2,2,2,1,1
BRK56_UMI16S_179_MH02,264_4,26.67487,OW,60,287,2,NA,NA,1,1
BRK57_UMI16S_179_MH02,297_5,25.0995,OW,90,271,2,2,1,1,1
BRK58_UMI16S_179_MH02,328_3,22.23099,NW,30,288,2,2,1,1,1
BRK59_UMI16S_179_MH02,339_3,32.03125,OB,30,290,2,2,2,0,1
BRK60_UMI16S_179_MH02,333_4,24.83576,NW,60,286,2,2,1,1,1
BRK61_UMI16S_179_MH02,341_3,31.00198,OB,30,288,2,1,2,1,1
BRK62_UMI16S_179_MH02,333_3,24.83576,NW,30,286,2,2,1,1,1
BRK63_UMI16S_179_MH02,322_4,24.22145,NW,60,290,2,2,1,1,1
BRK64_UMI16S_179_MH02,308_3,26.07897,OW,30,265,2,2,1,1,0
BRK65_UMI16S_179_MH02,334_3,26.44628,OW,30,267,2,2,2,0,1
BRK66_UMI16S_179_MH02,347_3,21.96712,NW,30,281,2,2,2,0,1
BRK67_UMI16S_179_MH02,311_5,22.20408,NW,90,277,2,1,1,1,1
BRK68_UMI16S_179_MH02,354_4,22.14533,NW,60,286,2,2,1,1,1
BRK69_UMI16S_179_MH02,290_3,26.3608,OW,30,289,2,1,1,NA,NA
BRK70_UMI16S_179_MH02,289_5,36.13233,OB,90,283,2,2,2,1,1
BRK74_UMI16S_179_MH02,315_5,27.37966,OW,90,287,2,2,2,1,1
BRK75_UMI16S_179_MH02,317_3,32.74416,OB,30,291,1,2,1,0,1
BRK76_UMI16S_179_MH02,340_5,23.52941,NW,90,285,2,2,2,1,1
BRK80_UMI16S_179_MH02,348_3,25.10239,OW,30,276,2,2,2,1,1
BRK81_UMI16S_179_MH02,297_4,25.0995,OW,60,271,2,2,1,1,1
BRK82_UMI16S_179_MH02,316_4,30.30303,OB,60,289,2,2,2,1,1
BRK83_UMI16S_179_MH02,289_3,36.13233,OB,30,283,2,2,2,1,1
BRK84_UMI16S_179_MH02,308_4,26.07897,OW,60,265,2,2,1,1,0
BRK85_UMI16S_179_MH02,329_4,37.10938,OB,60,280,2,1,2,1,1
BRK86_UMI16S_179_MH02,298_5,26.53376,OW,90,277,1,1,1,1,1
BRK87_UMI16S_179_MH02,316_3,30.30303,OB,30,289,2,2,2,1,1
BRK88_UMI16S_179_MH02,309_3,27.09925,OW,30,290,2,2,2,1,1
BRK89_UMI16S_179_MH02,350_4,19.03114,NW,60,281,2,2,2,1,1
BRK90_UMI16S_179_MH02,309_4,27.09925,OW,60,290,2,2,2,1,1
BRK91_UMI16S_179_MH02,311_4,22.20408,NW,60,277,2,1,1,1,1
BRK92_UMI16S_179_MH02,319_4,25.05931,OW,60,293,2,1,1,1,0
BRK93_UMI16S_179_MH02,339_4,32.03125,OB,60,290,2,2,2,0,1
BRK94_UMI16S_179_MH02,323_4,31.88776,OB,60,NA,1,2,1,1,1
BRK01_UMI16S048,124_5,19.48738,NW,90,285,2,2,2,1,1
BRK04_UMI16S048,26_4,30.46875,OB,60,285,2,2,2,1,1
BRK05_UMI16S048,43_4,24.72212,NW,60,280,2,2,1,1,1
BRK06_UMI16S048,75_3,19.84127,NW,30,278,2,2,2,0,1
BRK07_UMI16S048,72_4,20.40816,NW,60,283,2,1,1,0,1
BRK09_UMI16S048,14_4,37.0264,OB,60,289,2,2,2,0,1
BRK10_UMI16S048,25_5,21.22449,NW,90,288,2,1,1,1,1
BRK12_UMI16S048,2_5,21.45329,NW,90,287,2,2,2,0,1
BRK13_UMI16S048,26_5,30.46875,OB,90,285,2,2,2,1,1
BRK14_UMI16S048,169_5,35.77466,OB,90,289,2,1,1,1,1
BRK15_UMI16S048,185_3,22.05805,NW,30,283,2,2,2,1,1
BRK16_UMI16S048,173_3,31.88776,OB,30,268,2,2,2,0,1
BRK18_UMI16S048,174_3,25.45807,OW,30,281,2,2,1,1,1
BRK19_UMI16S048,138_3,23.03005,NW,30,274,2,2,2,1,1
BRK20_UMI16S048,162_3,22.75831,NW,30,289,2,1,2,1,1
BRK21_UMI16S048,87_5,27.37966,OW,90,280,2,1,2,0,1
BRK22_UMI16S048,127_3,33.21799,OB,30,275,2,2,1,1,1
BRK23_UMI16S048,175_3,27.34375,OW,30,NA,2,2,2,0,1
BRK24_UMI16S048,55_4,28.7037,OW,60,271,2,2,2,1,1
BRK25_UMI16S048,120_3,24.02381,NW,30,284,1,2,1,1,1
BRK28_UMI16S048,83_5,21.6041,NW,90,265,2,1,1,1,1
BRK29_UMI16S048,70_5,23.99946,NW,90,280,2,2,1,0,1
BRK30_UMI16S048,131_5,21.51386,NW,90,281,2,2,1,1,1
BRK32_UMI16S048,59_5,27.42857,OW,90,278,2,2,2,1,1
BRK33_UMI16S048,145_3,23.87511,NW,30,295,1,2,1,1,1
BRK34_UMI16S048,57_4,20.57143,NW,60,284,2,2,2,0,1
BRK35_UMI16S048,33_4,25.0995,OW,60,275,2,2,2,0,1
BRK36_UMI16S048,59_3,27.42857,OW,30,278,2,2,2,1,1
BRK37_UMI16S048,60_3,43.15886,OB,30,279,2,2,2,1,1
BRK38_UMI16S048,118_3,19.60519,NW,30,284,2,2,1,1,1
BRK39_UMI16S048,30_5,23.62445,NW,90,290,2,2,2,1,1
BRK40_UMI16S048,129_4,22.71897,NW,60,272,2,2,2,1,1
BRK41_UMI16S048,124_4,19.48738,NW,60,285,2,2,2,1,1
BRK42_UMI16S048,130_3,44.63668,OB,30,273,2,2,2,1,1
BRK43_UMI16S048,98_5,20.39542,NW,90,278,2,2,2,1,1
BRK44_UMI16S048,146_5,29.06574,OW,90,293,2,2,2,1,1
BRK45_UMI16S048,32_3,21.30395,NW,30,284,2,2,2,0,1
BRK46_UMI16S048,74_5,29.71429,OW,90,279,2,2,1,1,1
BRK47_UMI16S048,125_5,24.16716,NW,90,284,2,2,2,1,0
BRK48_UMI16S048,46_5,24.60938,NW,90,281,1,2,1,1,1
BRK49_UMI16S048,60_5,43.15886,OB,90,279,2,2,2,1,1
BRK52_UMI16S048,163_3,26.34649,OW,30,296,1,2,1,1,1
BRK53_UMI16S048,84_3,24.4898,NW,30,290,2,2,1,0,1
BRK54_UMI16S048,115_3,20.06173,NW,30,293,2,1,2,1,1
BRK55_UMI16S048,9_5,19.33373,NW,90,284,2,2,1,0,1
BRK56_UMI16S048,16_4,32.62935,OB,60,291,2,2,2,1,1
BRK57_UMI16S048,142_3,28.65014,OW,30,288,2,2,1,0,1
BRK58_UMI16S048,4_4,22.9854,NW,60,268,2,2,1,1,1
BRK59_UMI16S048,46_4,24.60938,NW,60,281,1,2,1,1,1
BRK60_UMI16S048,33_3,25.0995,OW,30,275,2,2,2,0,1
BRK61_UMI16S048,58_5,24.53704,NW,90,280,2,2,1,1,1
BRK62_UMI16S048,102_3,35.5665,OB,30,NA,2,2,2,1,1
BRK63_UMI16S048,149_5,31.5115,OB,90,292,2,2,2,1,1
BRK64_UMI16S048,38_4,19.60716,NW,60,288,2,2,2,1,1
BRK65_UMI16S048,99_5,26.57313,OW,90,294,2,2,1,1,1
BRK66_UMI16S048,55_5,28.7037,OW,90,271,2,2,1,1,1
BRK67_UMI16S048,1_4,24.09297,NW,60,280,1,2,1,1,1
BRK68_UMI16S048,38_5,19.60716,NW,90,288,2,2,2,1,1
BRK69_UMI16S048,37_3,24.56747,NW,30,272,2,2,2,1,1
BRK70_UMI16S048,58_4,24.53704,NW,60,280,2,2,1,1,1
BRK71_UMI16S048,45_3,18.66165,NW,30,292,1,2,1,1,1
BRK72_UMI16S048,43_5,24.72212,NW,90,280,2,2,1,1,1
BRK73_UMI16S048,1_5,24.09297,NW,90,280,1,2,1,1,1
BRK02_UMI16S056,143_5,33.23422,OB,90,288,2,2,2,1,1
BRK03_UMI16S056,11_5,20.65754,NW,90,282,2,2,2,0,1
BRK04_UMI16S056,137_3,26.44628,OW,30,282,2,2,2,1,1
BRK07_UMI16S056,158_3,21.45329,NW,30,284,2,2,2,1,1
BRK09_UMI16S056,172_3,40.16327,OB,30,288,2,2,1,1,1
BRK10_UMI16S056,130_4,44.63668,OB,60,273,2,2,1,1,1
BRK101_UMI16S056,94_3,19.3792,NW,30,293,2,2,2,1,1
BRK103_UMI16S056,62_3,22.37568,NW,30,294,2,2,2,1,1
BRK106_UMI16S056,18_3,32.19395,OB,30,293,2,2,2,0,1
BRK107_UMI16S056,32_5,21.30395,NW,90,284,2,2,2,0,1
BRK110_UMI16S056,197_3,37.83287,OB,30,290,2,1,1,1,1
BRK116_UMI16S056,17_5,24.21229,NW,90,275,2,2,1,1,1
BRK117_UMI16S056,120_5,24.02381,NW,90,284,1,2,1,1,1
BRK118_UMI16S056,66_5,24.44728,NW,90,282,2,2,2,0,1
BRK121_UMI16S056,61_5,27.46928,OW,90,280,2,2,2,1,1
BRK122_UMI16S056,127_5,33.21799,OB,90,275,2,2,1,1,1
BRK124_UMI16S056,90_4,21.54509,NW,60,285,2,2,2,1,1
BRK126_UMI16S056,94_5,19.3792,NW,90,293,2,2,2,1,1
BRK127_UMI16S056,181_3,28.90625,OW,30,NA,1,2,1,0,1
BRK128_UMI16S056,103_3,24.80159,NW,30,285,1,2,1,1,1
BRK130_UMI16S056,66_3,24.44728,NW,30,282,2,2,2,0,1
BRK133_UMI16S056,59_4,27.42857,OW,60,278,2,2,2,1,1
BRK134_UMI16S056,153_3,23.50356,NW,30,NA,2,2,NA,0,1
BRK137_UMI16S056,38_3,19.60716,NW,30,288,2,2,2,1,1
BRK139_UMI16S056,12_5,22.83737,NW,90,275,2,2,1,1,1
BRK142_UMI16S056,146_3,29.06574,OW,30,293,2,2,2,1,1
BRK143_UMI16S056,124_3,19.48738,NW,30,285,2,2,2,1,1
BRK144_UMI16S056,57_5,20.57143,NW,90,284,2,2,2,0,1
BRK18_UMI16S056,49_4,24.05693,NW,60,286,1,2,1,1,1
BRK20_UMI16S056,74_3,29.71429,OW,30,279,2,2,1,1,1
BRK21_UMI16S056,45_4,18.66165,NW,60,292,1,2,1,1,1
BRK22_UMI16S056,56_3,26.33289,OW,30,280,2,2,1,0,1
BRK26_UMI16S056,84_5,24.4898,NW,90,290,2,2,1,0,1
BRK28_UMI16S056,137_5,26.44628,OW,90,282,2,2,2,1,1
BRK36_UMI16S056,103_4,24.80159,NW,60,285,1,2,1,1,1
BRK37_UMI16S056,134_5,28.08989,OW,90,273,NA,2,1,0,1
BRK38_UMI16S056,49_5,24.05693,NW,90,286,1,2,1,1,1
BRK39_UMI16S056,30_4,23.62445,NW,60,290,2,2,2,1,1
BRK40_UMI16S056,144_4,23.04688,NW,60,283,2,2,2,1,1
BRK41_UMI16S056,72_3,20.40816,NW,30,283,2,1,1,0,1
BRK42_UMI16S056,14_3,37.0264,OB,30,289,2,2,2,0,1
BRK43_UMI16S056,85_3,31.64062,OB,30,273,2,2,2,0,1
BRK44_UMI16S056,127_4,33.21799,OB,60,275,2,2,1,1,1
BRK45_UMI16S056,130_5,44.63668,OB,90,273,2,2,1,1,1
BRK46_UMI16S056,131_4,21.51386,NW,60,281,2,2,1,1,1
BRK48_UMI16S056,120_4,24.02381,NW,60,284,1,2,1,1,1
BRK52_UMI16S056,31_3,21.79945,NW,30,293,2,1,1,1,1
BRK53_UMI16S056,146_4,29.06574,OW,60,293,2,2,2,1,1
BRK55_UMI16S056,60_4,43.15886,OB,60,279,2,2,2,1,1
BRK58_UMI16S056,145_4,23.87511,NW,60,295,1,2,1,1,1
BRK59_UMI16S056,129_3,22.71897,NW,30,272,2,2,2,1,1
BRK60_UMI16S056,70_3,23.99946,NW,30,280,2,2,1,0,1
BRK61_UMI16S056,150_4,26.03749,OW,60,282,2,2,1,1,1
BRK62_UMI16S056,144_5,23.04688,NW,90,283,2,2,2,1,1
BRK65_UMI16S056,32_4,21.30395,NW,60,284,2,2,2,0,1
BRK69_UMI16S056,94_4,19.3792,NW,60,293,2,2,2,1,1
BRK71_UMI16S056,90_3,21.54509,NW,30,285,2,2,2,1,1
BRK72_UMI16S056,138_5,23.03005,NW,90,274,2,2,2,1,1
BRK75_UMI16S056,98_4,20.39542,NW,60,278,2,2,2,1,1
BRK76_UMI16S056,149_3,31.5115,OB,30,292,2,2,2,1,1
BRK77_UMI16S056,151_4,24.05877,NW,60,271,2,2,2,0,1
BRK78_UMI16S056,83_4,21.6041,NW,60,265,2,1,1,1,1
BRK79_UMI16S056,68_5,27.77442,OW,90,283,2,2,2,1,1
BRK80_UMI16S056,25_4,21.22449,NW,60,288,2,1,1,1,1
BRK81_UMI16S056,30_3,23.62445,NW,30,290,2,2,2,1,1
BRK83_UMI16S056,87_3,27.37966,OW,30,280,2,2,2,0,1
BRK84_UMI16S056,18_5,32.19395,OB,90,293,2,1,2,0,1
BRK86_UMI16S056,149_4,31.5115,OB,60,292,2,2,2,1,1
BRK87_UMI16S056,37_4,24.56747,NW,60,272,2,2,2,1,1
BRK88_UMI16S056,68_3,27.77442,OW,30,283,2,2,2,1,1
BRK89_UMI16S056,99_3,26.57313,OW,30,294,2,2,2,1,1
BRK92_UMI16S056,2_4,21.45329,NW,60,287,2,2,2,0,1
BRK93_UMI16S056,49_3,24.05693,NW,30,286,1,2,1,1,1
BRK95_UMI16S056,106_5,25.66273,OW,90,281,2,2,2,1,1
BRK98_UMI16S056,106_3,25.66273,OW,30,281,2,2,2,1,1
BRK99_UMI16S056,85_5,31.64062,OB,90,273,2,2,2,0,1
